{"cameraMode":{"drawMode":0,"name":"Shaded","section":"Shading Mode"},"sceneLighting":true,"audioPlay":false,"sceneViewState":{"showFog":true,"showMaterialUpdate":false,"showSkybox":true,"showFlares":true,"showImageEffects":true,"showParticleSystems":true},"in2DMode":false,"pivot":{"x":371.71051025390627,"y":338.8431396484375,"z":974.4793090820313},"rotation":{"x":-0.007189198397099972,"y":-0.015850204974412919,"z":-0.00016624432464595884,"w":0.9999747276306152},"size":735.56005859375,"orthographic":false}