{"cameraMode":{"drawMode":0,"name":"Shaded","section":"Shading Mode"},"sceneLighting":false,"audioPlay":false,"sceneViewState":{"showFog":true,"showMaterialUpdate":false,"showSkybox":false,"showFlares":true,"showImageEffects":true,"showParticleSystems":true},"in2DMode":false,"pivot":{"x":5.123836040496826,"y":24.58483123779297,"z":-0.13820266723632813},"rotation":{"x":-0.04010975733399391,"y":0.9549184441566467,"z":-0.2523103356361389,"w":-0.15201601386070252},"size":7.447560787200928,"orthographic":false}