{"cameraMode":{"drawMode":0,"name":"Shaded","section":"Shading Mode"},"sceneLighting":false,"audioPlay":false,"sceneViewState":{"showFog":true,"showMaterialUpdate":false,"showSkybox":false,"showFlares":true,"showImageEffects":true,"showParticleSystems":true},"in2DMode":false,"pivot":{"x":8.850000381469727,"y":6.420000076293945,"z":19.383033752441408},"rotation":{"x":0.1455771028995514,"y":0.32577621936798098,"z":-0.05082455649971962,"w":0.9328061938285828},"size":1.6886012554168702,"orthographic":false}